issue_no,date,comment
1,1949-12-09,
2,1950-01-20,
3,1950-02-03,
4,1950-02-17,
5,1950-03-03,
6,1950-03-17,
7,1950-05-05,
8,1950-05-19,
9,1950-06-02,
10,1950-10-06,
11,1950-10-20,
12,1950-11-03,
13,1950-11-17,
14,1950-12-01,
15,1950-12-15,
16,1951-01-26,
17,1951-02-09,
18,1951-02-23,
19,1951-03-09,
20,1951-03-20,
21,1951-05-04,
22,1951-05-18,
23,1951-06-01,
24,1951-06-15,
25,1951-10-12,
26,1951-10-26,
27,1951-11-09,
28,1951-11-23,
29,1951-12-07,
30,1952-01-18,
31,1952-01-31,
32,1952-02-18,
33,1952-02-29,
34,1952-03-14,
35,1952-05-02,
36,1952-05-16,
37,1952-05-30,
38,1952-06-13,
39,1952-10-17,
40,1952-10-31,
41,1952-11-14,
42,1952-11-28,
43,1952-12-12,
44,1953-01-23,
45,1953-02-06,
46,1953-02-20,
47,1953-03-06,
48,1953-03-20,
49,1953-05-15,
50,1953-05-29,
51,1953-06-19,
52,1953-10-16,
53,1953-10-30,
54,1953-11-13,
55,1953-11-27,
56,1954-01-15,
57,1954-01-22,
58,1954-02-05,
59,1954-02-19,
60,1954-03-05,
61,1954-03-19,
62,1954-05-07,
63,1954-05-21,
64,1954-06-11,
65,1954-10-05,
66,1954-10-15,
67,1954-10-29,
68,1954-11-12,
69,1954-11-26,
70,1954-12-10,
71,1955-01-21,
72,1955-02-04,
73,1955-02-18,
74,1955-03-04,
75,1955-03-18,
76,1955-05-06,
77,1955-05-20,
78,1955-06-10,
79,1955-10-04,
80,1955-10-14,
81,1955-10-28,
82,1955-11-11,
83,1955-11-25,
84,1955-12-09,
85,1956-01-13,
86,1956-01-27,
87,1956-02-10,
88,1956-02-24,
89,1956-03-09,
90,1956-03-21,
91,1956-05-04,
92,1956-05-18,
93,1956-06-01,
94,1956-06-15,
95,1956-10-06,
96,1956-10-19,
97,1956-11-02,
98,1956-11-16,
99,1956-11-30,
100,1956-12-14,
101,1957-02-01,
102,1957-02-15,
103,1957-03-01,
104,1957-03-15,
105,1957-03-22,
106,1957-05-03,
107,1957-05-17,
108,1957-05-31,
109,1957-09-28,
110,1957-10-11,
111,1957-10-25,
112,1957-11-08,
113,1957-11-22,
114,1957-12-06,
115,1958-01-17,
116,1958-01-31,
117,1958-02-14,
118,1958-02-28,
119,1958-03-14,
120,1958-05-02,
121,1958-05-23,
122,1958-09-29,
123,1958-10-10,
124,1958-10-24,
125,1958-11-07,
126,1958-11-21,
127,1958-12-05,
128,1959-01-16,
129,1959-01-30,
130,1959-02-13,
131,1959-02-27,
132,1959-03-16,? Paper says 27/2 but defo typo. 16/3 is guess
133,1959-05-06,
134,1959-05-22,
135,1959-06-05,? Not shown on paper.  5/6 is guess
136,1959-10-05,
137,1959-10-16,
138,1959-10-30,
139,1959-11-13,
140,1959-11-27,
141,1959-12-11,
142,1960-01-15,
143,1960-01-29,
144,1960-02-12,
145,1960-02-26,
146,1960-03-11,
147,1960-04-29,? Not shown on paper.  Last week of april to first week of may. 29/4 is guess
148,1960-10-14,
149,1960-10-03,
150,1960-10-28,
152,1960-11-11,
153,1960-11-25,
154,1960-12-09,
155,1961-01-24,
156,1961-02-07,
158,1961-02-17,
159,1961-03-03,
160,1961-03-17,
161,1961-05-05,
162,1961-05-19,
163,1961-06-02,
164,1961-10-02,
165,1961-10-13,
166,1961-10-27,
167,1961-11-10,
168,1961-11-24,
169,1961-12-08,
170,1962-01-19,
171,1962-02-02,
172,1962-02-16,
173,1962-03-02,
174,1962-03-16,
175,1962-05-04,
176,1962-05-18,
177,1962-06-05,
178,1962-10-01,
179,1962-10-17,
180,1962-10-31,
181,1962-11-14,
182,1962-11-21,
183,1962-12-11,
184,1963-01-18,
186,1963-01-29,
187,1963-02-05,
188,1963-02-27,? Paper says 1962 but pos typo
189,1963-03-13,
190,1963-05-08,
191,1963-05-22,
192,1963-06-14,
193,1963-09-30,
194,1963-10-16,
195,1963-10-30,
196,1963-11-02,
197,1963-11-27,
198,1964-01-22,
199,1964-02-05,
200,1964-02-12,
201,1964-02-19,
202,1964-03-04,
203,1964-03-18,
204,1964-05-13,
205,1964-06-03,
206,1964-10-05,
207,1964-10-21,
208,1964-11-04,
209,1964-11-18,
210,1964-12-02,
211,1964-12-16,
212,1965-01-27,
213,1965-02-10,
214,1965-02-24,
215,1965-03-10,
216,1965-03-24,
217,1965-05-12,
218,1965-06-02,
219,1965-10-07,
220,1965-10-20,
221,1965-11-03,
222,1965-11-17,
223,1965-12-01,
224,1965-12-15,
225,1966-01-26,
226,1966-02-09,
227,1966-02-23,
228,1966-03-09,
229,1966-03-23,
230,1966-04-27,
231,1966-05-11,
232,1966-05-25,
233,1966-06-06,
234,1966-10-05,
235,1966-10-19,
236,1966-11-02,
237,1966-11-16,
238,1966-11-30,
239,1966-12-14,
240,1967-01-11,
241,1967-01-18,
242,1967-02-01,
243,1967-02-15,
244,1967-03-01,
245,1967-04-26,
246,1967-05-10,
247,1967-05-24,
248,1967-10-04,
249,1967-10-18,
250,1967-11-01,? Paper says oct but pos typo
251,1967-11-15,
252,1967-11-29,
253,1967-12-13,
254,1968-01-10,? Paper says 1967 but pos typo
255,1968-01-24,
256,1968-02-07,
257,1968-02-21,
258,1968-03-06,
259,1968-03-20,
260,1968-04-24,
261,1968-05-08,
262,1968-05-22,
263,1968-06-17,
264,1968-10-02,
265,1968-10-16,
266,1968-10-30,
267,1968-11-13,
268,1968-11-27,
269,1968-12-11,
270,1969-01-08,
271,1969-01-22,
272,1969-02-06,
273,1969-02-20,
274,1969-03-06,
275,1969-03-20,
276,1969-04-24,
277,1969-05-08,
278,1969-05-22,
280,1969-09-29,
281,1969-10-09,
282,1969-10-23,
283,1969-11-06,
284,1969-11-20,
285,1969-12-04,
286,1970-01-15,
287,1970-01-29,
288,1970-02-12,
289,1970-02-26,
290,1970-03-12,
291,1970-05-14,
292,1970-10-05,
293,1970-10-22,
294,1970-11-05,
295,1970-11-19,
296,1970-12-10,
297,1971-01-28,
298,1971-02-11,
299,1971-02-25,
300,1971-03-11,
301,1971-05-13,
302,1971-10-04,
303,1971-10-21,
304,1971-11-04,
305,1971-11-18,
306,1971-12-09,
307,1972-01-27,
308,1972-02-10,
309,1972-02-24,
310,1972-03-09,
311,1972-05-11,
312,1972-10-02,
313,1972-10-10,
314,1972-10-19,
315,1972-10-24,
316,1972-10-31,
317,1972-11-07,
318,1972-11-14,
319,1972-11-21,
320,1972-11-28,
321,1972-12-05,
322,1972-12-12,
323,1973-01-08,
324,1973-01-16,
325,1973-01-23,
326,1973-01-30,
327,1973-02-06,
328,1973-02-13,
329,1973-02-20,
330,1973-02-27,
331,1973-03-06,
332,1973-03-13,
333,1973-03-20,
334,1973-05-03,
335,1973-05-15,
336,1973-05-22,
337,1973-05-30,
338,1973-06-22,
339,1973-06-22,
340,1973-10-02,
341,1973-10-09,
342,1973-10-16,
343,1973-10-23,
344,1973-10-30,
345,1973-11-06,
346,1973-11-13,
347,1973-11-20,
348,1973-11-27,
349,1973-12-04,
350,1973-12-11,
351,1974-01-08,
352,1974-01-22,
353,1974-02-05,
354,1974-02-19,
355,1974-03-05,
356,1974-03-19,
357,1974-04-30,
358,1974-05-14,
359,1974-06-04,
360,1974-06-18,
361,1974-09-13,
362,1974-09-30,
363,1974-10-03,
364,1974-10-11,
365,1974-10-18,
366,1974-10-25,
367,1974-11-01,
368,1974-11-08,
369,1974-11-15,
370,1974-11-22,
371,1974-12-09,
372,1974-12-12,
373,1975-01-10,
374,1975-01-17,
375,1975-01-24,
376,1975-01-31,
377,1975-02-07,
378,1975-02-14,
379,1975-02-21,
380,1975-02-21,
381,1975-03-07,
382,1975-03-14,
383,1975-03-13,
384,1975-04-18,
385,1975-04-25,
386,1975-04-30,
387,1975-05-02,
388,1975-05-09,
389,1975-05-14,
390,1975-05-16,
391,1975-05-23,
392,1975-05-30,
393,1975-06-13,
394,1975-09-13,
395,1975-09-30,
396,1975-10-03,
397,1975-10-10,
398,1975-10-17,
399,1975-10-28,
400,1975-11-07,
401,1975-11-14,
402,1975-11-21,
403,1975-11-28,
404,1975-12-05,
405,1975-12-12,
406,1976-01-12,
407,1976-01-16,
408,1976-01-23,
409,1976-01-30,
410,1976-02-06,
411,1976-02-13,
412,1976-02-20,
413,1976-02-27,
414,1976-03-05,
415,1976-03-12,
416,1976-03-19,
417,1976-04-30,
418,1976-05-07,
419,1976-05-14,
420,1976-05-21,
421,1976-05-28,
422,1976-06-04,
423,1976-06-11,
424,1976-06-18,
425,1976-06-25,
426,1976-07-30,
427,1976-09-17,
428,1976-10-04,
430,1976-10-15,
431,1976-10-21,
432,1976-10-29,
433,1976-11-05,
434,1976-11-12,
435,1976-11-19,
436,1976-11-26,
437,1976-12-03,
438,1976-12-10,
439,1976-12-16,
504,1979-01-12,
505,1979-01-19,
506,1979-01-26,
507,1979-02-02,
508,1979-02-09,
509,1979-02-16,
510,1979-02-23,
511,1979-03-02,
512,1979-03-09,
513,1979-03-16,
514,1979-03-23,
515,1979-04-27,
516,1979-05-04,
517,1979-05-11,
518,1979-05-18,
519,1979-05-25,
520,1979-06-01,
521,1979-06-08,
522,1979-06-15,
523,1979-06-22,
524,1979-07-14,
525,1979-08-15,
526,1979-09-14,
527,1979-10-01,
528,1979-10-05,
529,1979-10-12,
530,1979-10-19,
531,1979-10-26,
532,1979-11-02,
533,1979-11-09,
534,1979-11-16,
535,1979-11-23,
536,1979-11-30,
537,1979-12-07,
538,1979-12-14,
539,1980-01-14,
540,1980-01-18,
541,1980-01-25,
542,1980-02-01,
543,1980-02-08,
544,1980-02-15,
545,1980-02-22,
546,1980-02-29,
547,1980-03-07,
548,1980-03-14,
549,1980-03-21,
550,1980-04-25,
551,1980-05-02,
552,1980-05-09,
553,1980-05-16,
554,1980-05-23,
555,1980-05-30,
556,1980-06-06,
557,1980-06-13,
558,1980-06-20,
559,1980-08-22,
560,1980-09-29,
561,1980-10-03,
562,1980-10-10,
563,1980-10-17,
564,1980-10-24,
565,1980-10-31,
566,1980-11-07,
567,1980-11-14,
568,1980-11-21,
569,1980-11-28,
570,1980-12-05,
571,1980-12-12,
572,1981-01-09,
573,1981-01-16,
574,1981-01-30,
575,1981-02-06,
576,1981-02-13,
577,1981-02-20,
578,1981-02-27,
579,1981-03-06,
580,1981-03-13,
581,1981-03-20,
582,1981-05-01,
583,1981-05-08,
584,1981-05-15,
585,1981-05-22,
586,1981-05-29,
587,1981-06-05,
588,1981-06-19,
589,1981-08-07,
590,1981-10-05,
591,1981-10-09,
592,1981-10-16,
593,1981-10-23,
594,1981-10-30,
595,1981-11-06,
596,1981-11-13,
597,1981-11-20,
598,1981-11-27,
599,1981-12-04,
600,1981-12-18,
601,1982-01-15,
602,1982-01-22,
603,1982-01-29,
604,1982-02-05,
605,1982-02-12,
606,1982-02-19,
607,1982-02-26,
608,1982-03-05,
609,1982-03-12,
610,1982-03-19,
611,1982-03-26,
612,1982-04-30,
613,1982-05-07,
614,1982-05-14,
615,1982-05-21,
616,1982-05-28,
617,1982-06-04,
618,1982-06-18,
619,1982-07-30,
620,1982-08-20,
621,1982-10-04,
622,1982-10-08,
623,1982-10-15,
624,1982-10-22,
625,1982-10-29,
626,1982-11-05,
627,1982-11-12,
628,1982-11-19,
629,1982-11-26,
630,1982-12-03,
631,1982-12-14,
632,1983-01-14,
633,1983-01-21,
635,1983-02-04,
636,1983-02-11,
637,1983-02-18,
638,1983-02-25,
639,1983-03-04,
640,1983-03-11,
641,1983-03-23,
642,1983-04-29,
643,1983-05-06,
644,1983-05-13,
645,1983-05-20,
646,1983-05-27,
647,1983-06-03,
648,1983-06-10,
649,1983-06-16,
650,1983-08-05,
651,1983-10-03,
652,1983-10-07,
653,1983-10-14,
654,1983-10-21,
655,1983-10-28,
656,1983-11-04,
657,1983-11-11,
658,1983-11-18,
659,1983-11-25,
660,1983-12-02,
661,1983-12-14,
662,1984-01-13,
663,1984-01-20,
664,1984-01-27,
665,1984-02-03,
666,1984-02-10,
667,1984-02-17,
668,1984-02-24,
669,1984-03-02,
670,1984-03-09,
671,1984-03-21,
672,1984-05-04,
673,1984-05-11,
674,1984-05-18,
675,1984-05-25,
676,1984-06-01,
677,1984-06-08,
678,1984-06-15,? Not shown on paper. 15/6 is guess due to schedule
679,1984-08-17,
680,1984-10-01,
681,1984-10-05,
682,1984-10-12,
683,1984-10-19,
684,1984-10-26,
685,1984-11-02,
686,1984-11-09,
687,1984-11-16,
688,1984-11-23,
689,1984-11-30,
690,1984-12-12,
691,1985-01-11,
692,1985-01-18,
693,1985-01-25,
694,1985-02-01,
695,1985-02-08,
696,1985-02-15,
697,1985-02-22,
698,1985-03-01,
699,1985-03-08,
700,1985-03-20,
701,1985-04-26,
702,1985-05-03,
703,1985-05-10,
704,1985-05-17,
705,1985-05-24,
706,1985-05-31,
707,1985-06-07,
708,1985-06-19,
709,1985-06-26,
710,1985-07-12,
711,1985-07-26,
712,1985-08-09,
713,1985-09-13,
714,1985-09-30,
715,1985-10-04,
716,1985-10-11,
717,1985-10-18,
718,1985-10-25,
719,1985-11-01,
720,1985-11-08,
721,1985-11-15,
722,1985-11-22,
723,1985-11-29,
724,1985-12-11,
725,1986-01-11,
726,1986-01-17,
728,1986-01-24,
729,1986-01-31,
730,1986-02-07,
731,1986-02-14,
732,1986-02-17,
733,1986-02-28,
734,1986-03-07,
735,1986-03-12,
736,1986-03-19,
737,1986-04-25,
738,1986-05-02,
739,1986-05-09,
740,1986-05-16,
741,1986-05-23,
742,1986-05-30,
743,1986-06-06,
744,1986-06-16,
745,1986-08-01,
746,1986-09-05,
747,1986-09-29,
748,1986-10-03,
749,1986-10-10,
750,1986-10-17,
751,1986-10-24,
752,1986-10-31,
753,1986-11-07,
754,1986-11-14,
755,1986-11-21,
756,1986-11-28,
757,1986-12-10,
758,1987-01-09,
759,1987-01-16,
760,1987-01-23,
761,1987-01-30,
762,1987-02-06,
763,1987-02-13,
764,1987-02-20,
765,1987-02-27,
766,1987-03-06,
767,1987-03-11,
768,1987-03-18,
769,1987-05-01,
770,1987-05-08,
771,1987-05-15,
772,1987-05-22,
773,1987-05-29,? Paper says 1986 but pos typo
774,1987-06-05,
775,1987-06-12,
776,1987-06-24,
777,1987-08-14,
778,1987-10-05,
779,1987-10-09,
780,1987-10-16,
781,1987-10-23,
782,1987-10-30,
783,1987-11-06,
784,1987-11-13,
785,1987-11-20,
786,1987-11-27,
787,1987-12-04,
788,1987-12-16,
789,1988-01-15,
790,1988-01-22,
791,1988-01-29,
792,1988-02-05,
793,1988-02-12,
794,1988-02-19,
795,1988-02-26,
796,1988-03-04,
797,1988-03-09,
798,1988-03-11,
799,1988-03-23,
800,1988-04-29,
801,1988-05-06,
802,1988-05-13,
803,1988-05-20,
804,1988-05-27,
805,1988-06-03,
806,1988-06-10,
807,1988-06-22,
808,1988-08-12,
809,1988-08-26,
810,1988-09-09,
811,1988-10-03,
812,1988-10-07,
813,1988-10-14,
814,1988-10-21,
815,1988-10-28,
816,1988-11-04,
817,1988-11-19,
819,1988-11-25,
820,1988-12-02,
821,1988-12-14,
822,1988-12-16,
823,1989-01-13,? Paper says 1988 but pos typo
824,1989-01-20,
825,1989-01-27,
826,1989-02-03,
827,1989-02-10,
828,1989-02-17,
829,1989-02-24,
830,1989-03-03,
831,1989-03-10,
832,1989-03-22,
833,1989-04-28,
834,1989-05-05,
835,1989-05-12,
836,1989-05-19,
837,1989-05-27,
838,1989-06-02,
839,1989-06-09,
841,1989-06-21,
842,1989-09-22,
843,1989-10-02,
844,1989-10-06,
845,1989-10-13,
846,1989-10-20,
847,1989-10-27,
848,1989-11-03,
849,1989-11-10,
850,1989-11-22,
851,1989-11-24,
852,1989-12-01,
853,1989-12-13,
854,1990-01-12,
855,1990-01-19,
856,1990-01-26,
857,1990-02-02,
858,1990-02-09,
859,1990-02-16,
860,1990-02-23,
861,1990-03-01,
862,1990-03-02,
863,1990-03-07,
864,1990-03-09,
865,1990-03-21,
866,1990-04-28,
867,1990-05-04,
868,1990-05-11,
869,1990-05-18,
870,1990-05-25,
871,1990-06-01,
872,1990-06-08,
873,1990-06-22,
874,1990-08-17,
875,1990-09-07,
876,1990-10-01,
877,1990-10-05,
878,1990-10-12,
879,1990-10-19,
880,1990-10-26,
881,1990-11-02,
882,1990-11-09,
883,1990-11-16,
884,1990-11-23,
885,1990-11-30,
886,1990-12-05,
887,1990-12-14,
888,1991-01-11,
889,1991-01-18,
890,1991-01-25,
891,1991-02-01,
892,1991-02-08,
893,1991-02-15,
894,1991-02-22,
895,1991-02-26,
896,1991-03-01,
897,1991-03-04,
898,1991-03-08,
899,1991-03-13,
900,1991-03-20,
901,1991-04-26,
902,1991-05-03,
903,1991-05-10,
904,1991-05-17,
905,1991-05-24,
906,1991-05-31,
907,1991-06-07,? Paper says may but pos typo
908,1991-06-19,
909,1991-07-25,
910,1991-09-30,
911,1991-10-04,
912,1991-10-11,
913,1991-10-18,
914,1991-10-25,
915,1991-11-01,
916,1991-11-08,
917,1991-11-15,
918,1991-11-22,
919,1991-11-29,
920,1991-12-11,
921,1992-01-10,
922,1992-01-17,
923,1992-01-24,
924,1992-01-31,
925,1992-02-07,
926,1992-02-14,
927,1992-02-21,
928,1992-02-28,
929,1992-03-06,
930,1992-03-11,
931,1992-03-18,
932,1992-05-01,
933,1992-05-08,
934,1992-05-15,
935,1992-05-22,
936,1992-05-29,
937,1992-06-05,
938,1992-06-12,
939,1992-06-24,
940,1992-07-31,
941,1992-09-18,
942,1992-10-05,
943,1992-10-09,
944,1992-10-16,
945,1992-10-23,
946,1992-10-30,
947,1992-11-06,
948,1992-11-13,
949,1992-11-20,
950,1992-11-27,
951,1992-12-14,
952,1992-12-16,
953,1993-01-15,
954,1993-01-22,
955,1993-01-29,
956,1993-02-05,
957,1993-02-12,
958,1993-02-19,
959,1993-02-26,
960,1993-03-05,
961,1993-03-10,
962,1993-03-12,
963,1993-03-24,
964,1993-04-30,
965,1993-05-07,
966,1993-05-14,
967,1993-05-21,
968,1993-05-28,
969,1993-06-04,
970,1993-06-11,
971,1993-06-23,
972,1993-08-27,
973,1993-10-04,
974,1993-10-08,
975,1993-10-15,
976,1993-10-22,
977,1993-10-29,
978,1993-11-05,
979,1993-11-12,
980,1993-11-19,
981,1993-11-26,
982,1993-12-03,
983,1993-12-10,
984,1993-12-17,
985,1994-01-14,
986,1994-01-21,
987,1994-01-28,
988,1994-02-04,
989,1994-02-11,
990,1994-02-18,
991,1994-02-25,
992,1994-03-04,
993,1994-03-11,
994,1994-03-18,
995,1994-03-25,
996,1994-04-29,
997,1994-05-06,
998,1994-05-13,
999,1994-05-20,
1000,1994-05-27,
1001,1994-06-03,
1002,1994-06-10,
1003,1994-06-17,
1004,1994-06-24,
1005,1994-10-01,
1006,1994-10-07,
1007,1994-10-14,
1008,1994-10-21,
1009,1994-10-31,
1010,1994-11-04,
1011,1994-11-11,
1012,1994-11-18,
1013,1994-11-25,
1014,1994-12-02,
1015,1994-12-14,
1016,1995-01-13,
1017,1995-01-20,
1018,1995-01-27,
1019,1995-02-03,
1020,1995-02-10,
1021,1995-02-17,
1022,1995-02-24,
1023,1995-03-03,
1024,1995-03-10,
1025,1995-03-22,
1026,1995-04-28,
1028,1995-05-12,
1029,1995-05-19,
1030,1995-05-26,
1031,1995-06-02,
1032,1995-06-09,
1033,1995-06-21,
1034,1995-09-30,
1035,1995-10-06,
1036,1995-10-13,
1037,1995-10-20,
1038,1995-10-27,
1039,1995-11-03,
1040,1995-11-10,
1041,1995-11-17,
1042,1995-11-24,
1043,1995-12-01,
1044,1995-12-13,
1045,1996-01-12,
1046,1996-01-19,
1047,1996-01-26,
1048,1996-02-02,
1049,1996-02-09,
1050,1996-02-16,
1051,1996-02-23,
1052,1996-03-01,
1053,1996-03-08,
1054,1996-03-20,
1055,1996-05-03,
1056,1996-05-10,
1057,1996-05-17,
1058,1996-05-24,
1059,1996-05-31,
1060,1996-06-07,
1061,1996-06-14,
1062,1996-06-26,
1063,1996-10-04,
1064,1996-10-11,
1065,1996-10-18,
1066,1996-10-25,
1067,1996-11-07,
1068,1996-11-08,
1069,1996-11-18,
1070,1996-11-22,
1071,1996-11-29,
1072,1996-12-06,
1073,1996-12-18,
1074,1997-01-10,
1075,1997-01-17,
1076,1997-01-24,
1077,1997-01-31,
1078,1997-02-07,
1079,1997-02-14,
1080,1997-02-21,
1081,1997-02-28,
1082,1997-03-07,
1083,1997-03-19,
1084,1997-04-25,
1085,1997-05-02,
1086,1997-05-09,
1087,1997-05-16,
1088,1997-05-23,
1089,1997-05-30,
1090,1997-06-30,
1091,1997-06-18,
1092,1997-10-03,
1093,1997-10-10,
1094,1997-10-17,
1095,1997-10-24,
1096,1997-10-31,
1097,1997-11-07,
1098,1997-11-14,
1099,1997-11-21,
1100,1997-11-28,
1101,1997-12-05,
1102,1997-12-17,
1103,1998-01-16,
1104,1998-01-23,
1105,1998-01-30,
1106,1998-02-06,
1107,1998-02-13,
1108,1998-02-20,
1109,1998-02-27,
1110,1998-03-06,
1111,1998-03-13,
1112,1998-03-25,
1113,1998-05-01,
1114,1998-05-08,
1115,1998-05-15,
1116,1998-05-22,
1117,1998-05-29,
1118,1998-06-05,
1119,1998-06-24,
1120,1998-10-02,
1121,1998-10-12,
1122,1998-10-19,
1123,1998-10-26,
1124,1998-11-02,
1125,1998-11-09,
1126,1998-11-16,
1127,1998-11-23,
1128,1998-11-30,
1129,1998-12-07,
1130,1998-12-16,
1131,1999-01-11,
1132,1999-01-18,
1133,1999-01-25,
1134,1999-02-01,
1135,1999-02-08,
1136,1999-02-15,
1137,1999-02-22,
1138,1999-03-01,
1139,1999-03-08,
1140,1999-03-15,
1141,1999-03-24,
1142,1999-04-26,
1143,1999-05-04,
1144,1999-05-10,
1145,1999-05-17,
1146,1999-05-24,
1147,1999-06-01,
1148,1999-06-07,
1149,1999-06-14,
1150,1999-06-23,
1151,1999-10-07,
1152,1999-10-11,
1153,1999-10-18,
1154,1999-10-25,
1155,1999-11-01,
1156,1999-11-08,
1157,1999-11-15,
1158,1999-11-22,
1159,1999-11-29,
1160,1999-12-06,
1161,1999-12-15,
1166,2000-02-07,
1173,2000-05-02,
1191,2000-12-04,
1195,2001-01-22,
1196,2001-01-29,
1211,2001-06-27,
1223,2002-01-11,
1224,2002-01-18,
1225,2002-01-25,
1226,2002-02-01,
1227,2002-02-08,
1228,2002-02-15,
1229,2002-02-22,
1230,2002-03-08,
1231,2002-03-08,
1232,2002-03-20,
1233,2002-04-26,
1235,2002-05-10,
1236,2002-05-17,
1237,2002-05-24,
1238,2002-05-31,
1239,2002-06-07,
1240,2002-06-19,
1241,2002-09-27,? Not shown on paper. September freshers week
1242,2002-10-04,? Not shown on paper. 4/10 is guess due to schedule
1243,2002-10-11,
1244,2002-10-18,
1245,2002-10-25,
1246,2002-11-01,
1247,2002-11-08,
1248,2002-11-15,
1249,2002-11-22,
1250,2002-11-29,
1251,2002-12-06,
1299,2004-09-30,
1300,2004-10-07,
1301,2004-10-14,
1302,2004-10-21,
1303,2004-10-28,
1304,2004-11-04,
1305,2004-11-11,
1306,2004-11-18,
1307,2004-11-25,
1308,2004-12-02,
1309,2004-12-09,
1310,2005-01-06,
1311,2005-01-13,
1312,2005-01-20,
1313,2005-01-27,
1314,2005-02-03,
1315,2005-02-10,
1316,2005-02-17,
1317,2005-02-24,
1318,2005-03-03,
1319,2005-04-28,
1320,2005-04-28,
1321,2005-05-05,
1322,2005-05-12,
1323,2005-05-19,
1324,2005-05-26,
1325,2005-06-02,
1326,2005-06-09,
1327,2005-06-16,
1328,2005-09-29,
1329,2005-10-06,
1332,2005-10-27,
1333,2005-11-03,
1334,2005-11-10,
1335,2005-11-17,
1336,2005-11-24,
1339,2006-01-12,
1340,2006-01-19,
1352,2006-05-18,
1354,2006-06-01,
1357,2006-09-28,
1358,2006-10-05,
1359,2006-10-13,
1360,2006-10-20,
1361,2006-10-27,
1362,2006-11-03,
1363,2006-11-10,
1364,2006-11-17,
1365,2006-11-24,
1366,2006-12-01,
1367,2006-12-08,
1368,2007-01-12,
1369,2007-01-19,
1370,2007-01-26,
1371,2007-02-02,
1372,2007-02-09,
1373,2007-02-16,
1374,2007-02-23,
1375,2007-03-02,
1376,2007-03-09,
1377,2007-03-16,
1378,2007-04-27,
1379,2007-05-11,
1380,2007-09-28,
1381,2007-10-05,
1382,2007-10-12,
1383,2007-10-19,
1384,2007-10-26,
1385,2007-11-02,
1386,2007-11-09,
1387,2007-11-16,
1388,2007-11-23,
1389,2007-11-30,
1390,2007-12-07,
1391,2008-01-11,
1392,2008-01-18,
1393,2008-01-25,
1394,2008-02-01,
1395,2008-02-08,
1396,2008-02-15,
1397,2008-02-22,
1398,2008-02-29,
1399,2008-03-07,
1400,2008-03-14,
1401,2008-05-02,
1402,2008-05-09,
1403,2008-05-16,
1404,2008-05-23,
1405,2008-05-30,
1406,2008-06-06,
1407,2008-06-13,
1408,2008-06-20,
1409,2008-10-03,
1410,2008-10-10,
1411,2008-10-17,
1412,2008-10-24,
1413,2008-10-31,
1414,2008-11-07,
1415,2008-11-14,
1416,2008-11-21,
1417,2008-11-28,
1418,2008-12-05,
1419,2008-12-12,
1420,2009-01-16,
1421,2009-01-23,
1422,2009-01-30,
1423,2009-02-06,
1424,2009-02-13,
1425,2009-02-20,
1426,2009-02-27,
1427,2009-03-06,
1428,2009-03-13,
1429,2009-03-20,
1430,2009-05-01,
1431,2009-05-08,
1432,2009-05-15,
1433,2009-05-22,
1434,2009-05-29,
1435,2009-06-05,
1436,2009-06-12,
1437,2009-06-19,
1438,2009-10-02,
1439,2009-10-09,
1440,2009-10-16,
1441,2009-10-23,
1442,2009-10-30,
1443,2009-11-06,
1444,2009-11-13,
1445,2009-11-20,
1446,2009-11-27,
1447,2009-12-04,
1448,2009-12-11,
1449,2010-01-15,
1450,2010-01-22,
1451,2010-01-29,
1453,2010-02-12,
1454,2010-02-19,
1455,2010-02-26,
1456,2010-03-05,
1457,2010-03-12,
1458,2010-03-19,
1459,2010-04-30,
1460,2010-05-07,
1461,2010-05-14,
1462,2010-05-21,
1463,2010-05-28,
1464,2010-06-04,
1465,2010-06-11,
1466,2010-06-18,
1467,2010-10-01,
1468,2010-10-08,
1470,2010-10-22,
1471,2010-10-29,
1472,2010-11-05,
1473,2010-11-12,
1474,2010-11-19,
1475,2010-11-26,
1476,2010-12-03,
1477,2010-12-10,
1478,2011-01-14,
1479,2011-01-21,
1480,2011-01-28,
1481,2011-02-04,
1482,2011-02-11,
1483,2011-02-18,
1484,2011-02-25,
1485,2011-03-11,
1486,2011-03-18,
1487,2011-05-06,
1488,2011-05-13,
1489,2011-05-20,
1490,2011-05-27,
1491,2011-06-03,
1492,2011-06-10,
1493,2011-06-17,
1494,2011-06-24,
1495,2011-09-30,
1496,2011-10-07,
1497,2011-10-14,
1498,2011-10-21,
1499,2011-10-28,
1500,2011-11-04,
1501,2011-11-11,
1502,2011-11-18,
1503,2011-11-25,
1504,2011-12-02,
1505,2011-12-09,
1506,2012-01-20,
1507,2012-01-20,
1508,2012-01-27,
1509,2012-02-03,
1510,2012-02-10,
1511,2012-02-17,
1512,2012-02-24,
1513,2012-03-02,
1514,2012-03-09,
1515,2012-03-16,
1516,2012-05-04,
1517,2012-05-11,
1518,2012-05-18,
1519,2012-05-25,
1520,2012-06-01,
1521,2012-06-08,
1522,2012-06-15,
1523,2012-06-22,
1524,2012-09-28,
1525,2012-10-05,
1526,2012-10-12,
1527,2012-10-17,
1528,2012-10-26,
1529,2012-11-02,
1530,2012-11-09,
1531,2012-11-16,
1532,2012-11-23,
1533,2012-11-30,
1534,2012-12-03,
1535,2013-01-11,
1536,2013-01-18,
1537,2013-01-25,
1538,2013-02-01,
1539,2013-02-08,
1540,2013-02-15,
1541,2013-02-22,
1542,2013-03-01,
1543,2013-03-08,
1544,2013-03-15,
1545,2013-05-03,
1546,2013-05-10,
1547,2013-05-17,
1548,2013-05-24,
1549,2013-05-31,
1550,2013-06-07,
1551,2013-06-14,
1552,2013-06-21,
1553,2013-09-28,
1554,2013-10-04,
1555,2013-10-11,
1556,2013-10-18,
1557,2013-10-25,
1558,2013-11-01,
1559,2013-11-08,
1560,2013-11-15,
1561,2013-11-22,
1562,2013-11-29,
1563,2013-12-06,
1564,2014-01-17,
1565,2014-01-24,
1566,2014-01-31,
1567,2014-02-07,
1568,2014-02-14,
1569,2014-02-21,
1570,2014-02-28,
1571,2014-03-07,
1572,2014-03-14,
1573,2014-03-21,
1574,2014-05-02,
1575,2014-05-09,
1576,2014-05-16,
1578,2014-05-30,
1579,2014-06-06,
1580,2014-06-13,
1581,2014-06-20,
1582,2014-10-06,
1583,2014-10-13,
1584,2014-10-17,
1585,2014-10-24,
1586,2014-10-31,
1587,2014-11-07,
1588,2014-11-14,
1589,2014-11-21,
1590,2014-11-28,
1591,2014-12-05,
1592,2014-12-12,
1593,2015-01-16,
1594,2015-01-23,
1595,2015-01-30,
1596,2015-02-06,
1597,2015-02-13,
1598,2015-02-20,
1599,2015-02-27,
1600,2015-03-06,
1601,2015-03-13,
1602,2015-03-20,
1603,2015-05-01,
1604,2015-05-08,
1605,2015-05-15,
1606,2015-05-22,
1607,2015-05-29,
1608,2015-06-05,
1609,2015-06-12,
1610,2015-06-19,
1611,2015-10-03,
1612,2015-10-09,
1613,2015-10-16,
1614,2015-10-23,
1615,2015-10-30,
1616,2015-11-06,
1617,2015-11-13,
1618,2015-11-20,
1619,2015-11-27,
1620,2015-12-04,
1621,2015-12-11,
1623,2016-01-22,
1624,2016-01-29,
1625,2016-02-05,
1626,2016-02-12,
1627,2016-02-19,
1628,2016-02-26,
1629,2016-03-04,
1630,2016-03-11,
1631,2016-03-18,
1632,2016-04-29,
1633,2016-05-06,
1634,2016-05-13,
1635,2016-05-20,
1636,2016-05-27,
1637,2016-06-03,
1638,2016-06-10,
1639,2016-06-17,
1643,2016-10-21,
1644,2016-10-28,
1645,2016-11-04,
1646,2016-11-11,
1647,2016-11-18,
1648,2016-11-25,
1649,2016-12-02,
1650,2016-12-09,
1651,2016-12-16,
1652,2017-01-13,
1653,2017-01-20,
1654,2017-01-27,
1655,2017-02-03,
1656,2017-02-10,
1657,2017-02-17,
1658,2017-02-24,
1659,2017-03-03,
1660,2017-03-10,
1661,2017-03-17,
1662,2017-05-05,
1663,2017-05-12,
1664,2017-05-19,
1665,2017-05-26,
1666,2017-06-02,
1667,2017-06-09,
1668,2017-06-16,
1669,2017-09-29,
1670,2017-10-06,
1671,2017-10-13,
1672,2017-10-20,
1673,2017-10-27,
1674,2017-11-03,
1675,2017-11-10,
1676,2017-11-17,
1677,2017-11-24,
1678,2017-12-01,
1679,2017-12-08,
1680,2018-01-12,
1681,2018-01-19,
1682,2018-01-26,
1683,2018-02-02,
1684,2018-02-09,
1685,2018-02-16,
1686,2018-02-23,
1687,2018-03-02,
1688,2018-03-09,
1689,2018-03-16,
1690,2018-04-27,
1691,2018-05-04,
1692,2018-05-11,
1693,2018-05-18,
1694,2018-05-25,
1695,2018-06-01,
1696,2018-06-08,
1697,2018-06-15,
1698,2018-09-28,
1699,2018-10-05,
1700,2018-10-12,
1701,2018-10-19,
1702,2018-10-26,
1703,2018-11-02,
1704,2018-11-09,
1705,2018-11-16,
1706,2018-11-23,
1707,2018-11-30,
1708,2018-12-07,
1709,2019-01-11,
1710,2019-01-18,
1711,2019-01-25,
1712,2019-02-01,
1713,2019-02-08,
1714,2019-02-15,
1715,2019-02-22,
1716,2019-03-01,
1717,2019-03-08,
1718,2019-03-15,
1719,2019-05-03,
1720,2019-05-10,
1721,2019-05-17,
1722,2019-05-24,
1723,2019-05-31,
1724,2019-06-07,
1725,2019-06-14,
1726,2019-06-21,
1727,2019-09-27,
1728,2019-10-04,
1729,2019-10-11,
1730,2019-10-18,
1731,2019-10-25,
1732,2019-11-01,
1733,2019-11-08,
1734,2019-11-15,
1735,2019-11-22,
1736,2019-11-29,
1737,2019-12-09,
1738,2020-01-10,
1739,2020-01-17,
1740,2020-01-24,
1741,2020-01-31,
1742,2020-02-07,
1743,2020-02-14,
1744,2020-02-21,
1745,2020-02-28,
1746,2020-03-06,
1747,2020-03-13,
1749,2020-09-25,
1750,2020-10-09,
1751,2020-10-16,
1752,2020-10-23,
